drug_key,japanese_name,english_name,generic_name,drug_class,product_or_class,input_candidate_status,search_query,pmda_search_url,pmda_product_url,product_name,generic_name_pmda,manufacturer,formulation,strength,approval_or_listing_status,source_status,last_source_check_date,human_review_required,facility_confirmation_required,evidence_source_ids,notes
edaravone,エダラボン,edaravone,edaravone,脳梗塞急性期・脳保護薬,product_candidate,complete_absent,エダラボン OR edaravone OR edaravone OR ラジカット|Radicut|free radical scavenger,https://www.pmda.go.jp/PmdaSearch/iyakuSearch/,https://www.pmda.go.jp/PmdaSearch/rdSearch/02/1190401G1026?user=1,ラジカット点滴静注バッグ30mg,エダラボン,田辺ファーマ株式会社,点滴静注バッグ,30mg/袋（100mL）,marketed_pmda_label_present,verified_primary_source,2026-06-05,True,True,PMDA_EDARAVONE_RMP_RADICUT,pilot GAP-001: PMDA primary verified 2026-06-05 (operator-side pmda.go.jp check). IF/RMP/患者向けガイドは未個別確認。薬剤師・院内採用品・施設確認 pending。 脳梗塞急性期代表製品。院内採用品・剤形（注/バッグ）要確認。
ozagrel,オザグレルナトリウム,ozagrel sodium,ozagrel sodium,TXA2合成酵素阻害薬・抗血小板/脳血管攣縮関連,product_candidate,complete_absent,オザグレルナトリウム OR ozagrel sodium OR ozagrel sodium OR オザグレルNa|カタクロット|キサンボン|ozagrel,https://www.pmda.go.jp/PmdaSearch/iyakuSearch/,https://www.pmda.go.jp/PmdaSearch/rdSearch/02/3999411H3026?user=1,カタクロット注射液40mg,オザグレルナトリウム,丸石製薬株式会社,注射液,40mg/2mL,marketed_pmda_label_present,verified_primary_source,2026-06-05,True,True,JSTS_STROKE_GL_2021_REV2025;PMDA_OZAGREL_SAFETY_2019,pilot GAP-001: PMDA primary verified 2026-06-05 (operator-side pmda.go.jp check). IF/RMP/患者向けガイドは未個別確認。薬剤師・院内採用品・施設確認 pending。 SAH/脳梗塞文脈で院内採用品・適応確認必須。
fasudil,ファスジル塩酸塩,fasudil hydrochloride,fasudil hydrochloride,Rhoキナーゼ阻害薬・SAH術後脳血管攣縮薬,product_candidate,complete_absent,ファスジル塩酸塩 OR fasudil hydrochloride OR fasudil hydrochloride OR エリル|fasudil|Rho kinase inhibitor,https://www.pmda.go.jp/PmdaSearch/iyakuSearch/,https://www.pmda.go.jp/PmdaSearch/rdSearch/02/2190414A1033?user=1,エリル点滴静注液30mg,ファスジル塩酸塩水和物,旭化成ファーマ株式会社,点滴静注液,30mg,marketed_pmda_label_present,verified_primary_source,2026-06-05,True,True,JSTS_STROKE_GL_2021_REV2025,pilot GAP-002: PMDA primary verified 2026-06-05 (operator-side pmda.go.jp check). IF/RMP/患者向けガイドは未個別確認。薬剤師・院内採用品・施設確認 pending。 SAH術後脳血管攣縮。
clazosentan,クラゾセンタンナトリウム,clazosentan sodium,clazosentan sodium,エンドセリン受容体拮抗薬・SAH術後脳血管攣縮薬,product_candidate,complete_absent,クラゾセンタンナトリウム OR clazosentan sodium OR clazosentan sodium OR ピヴラッツ|Pivlaz|endothelin receptor antagonist,https://www.pmda.go.jp/PmdaSearch/iyakuSearch/,https://www.pmda.go.jp/PmdaSearch/rdSearch/02/2190418A1023?user=1,ピヴラッツ点滴静注液150mg,クラゾセンタンナトリウム,ネクセラファーマジャパン株式会社,点滴静注液,150mg,marketed_pmda_label_present,verified_primary_source,2026-06-05,True,True,JSTS_STROKE_GL_2021_REV2025;PMDA_CLAZOSENTAN_PIVLAZ_REVIEW,pilot GAP-001: PMDA primary verified 2026-06-05 (operator-side pmda.go.jp check). IF/RMP/患者向けガイドは未個別確認。薬剤師・院内採用品・施設確認 pending。 SAH術後脳血管攣縮。ボセンタンと混同禁止。
alteplase,アルテプラーゼ,alteplase,alteplase recombinant,血栓溶解薬・急性期虚血性脳血管障害,product_candidate,candidate_only_master_absent,アルテプラーゼ OR alteplase OR alteplase recombinant OR rt-PA|tPA|アクチバシン|グルトパ,https://www.pmda.go.jp/PmdaSearch/iyakuSearch/,https://www.pmda.go.jp/PmdaSearch/rdSearch/02/3959402D1027?user=1,アクチバシン注600万,アルテプラーゼ（遺伝子組換え）,協和キリン株式会社,注射用（溶解液付）,600万国際単位,marketed_pmda_label_present,verified_primary_source,2026-06-05,True,True,JSTS_STROKE_GL_2021_REV2025;PMDA_ALTEPLASE_LABEL,pilot GAP-002: PMDA primary verified 2026-06-05 (operator-side pmda.go.jp check). IF/RMP/患者向けガイドは未個別確認。薬剤師・院内採用品・施設確認 pending。 Reconciled from CHILD pilot A-PMDA-007.
argatroban,アルガトロバン水和物,argatroban,argatroban hydrate,選択的抗トロンビン薬・急性期脳血栓症,product_candidate,candidate_only_master_absent,アルガトロバン水和物 OR argatroban OR argatroban hydrate OR ノバスタン|スロンノン|direct thrombin inhibitor,https://www.pmda.go.jp/PmdaSearch/iyakuSearch/,https://www.pmda.go.jp/PmdaSearch/rdSearch/02/2190408A2034?user=1,ノバスタンHI注10mg/2mL,アルガトロバン水和物,田辺ファーマ株式会社,注射液,10mg/2mL,marketed_pmda_label_present,verified_primary_source,2026-06-05,True,True,PMDA_ARGATROBAN_REEXAM_2020,pilot GAP-003: PMDA primary verified 2026-06-05 (operator-side pmda.go.jp check). IF/RMP/患者向けガイドは未個別確認。薬剤師・院内採用品・施設確認 pending。 Reconciled from CHILD pilot A-PMDA-006.
urokinase,ウロキナーゼ,urokinase,urokinase,血栓溶解薬,product_candidate,candidate_only_master_absent,ウロキナーゼ OR urokinase OR urokinase OR urokinase|線維素溶解酵素剤,https://www.pmda.go.jp/PmdaSearch/iyakuSearch/,https://www.pmda.go.jp/PmdaSearch/rdSearch/02/3954400D4080?user=1,ウロナーゼ静注用6万単位,ウロキナーゼ,持田製薬株式会社,凍結乾燥注射用,6万単位,marketed_pmda_label_present,verified_primary_source,2026-06-05,True,True,PMDA_UROKINASE_SAFETY_2019,pilot GAP-003: PMDA primary verified 2026-06-05 (operator-side pmda.go.jp check). IF/RMP/患者向けガイドは未個別確認。薬剤師・院内採用品・施設確認 pending。 Reconciled from CHILD pilot A-PMDA-007.
nimodipine,ニモジピン,nimodipine,nimodipine,Ca拮抗薬・SAH国際標準比較対象,product_candidate,complete_absent_comparison_needed,ニモジピン OR nimodipine OR nimodipine OR nimodipine|calcium channel blocker,https://www.pmda.go.jp/PmdaSearch/iyakuSearch/,,,,,,,unresolved,document_absent_domestic_unapproved,2026-06-05,True,True,JSTS_STROKE_GL_2021_REV2025,pilot GAP-002: domestic product-level PMDA page absent (2026-06-05). 国内未承認（PMDA製品単位ページなし）。国際標準比較・文献索引のみ。 Pharmacist/facility review pending.
diazepam,ジアゼパム,diazepam,diazepam,抗発作薬・てんかん重積初期対応,product_candidate,candidate_only_master_absent,ジアゼパム OR diazepam OR diazepam OR セルシン|ホリゾン|benzodiazepine,https://www.pmda.go.jp/PmdaSearch/iyakuSearch/,https://www.pmda.go.jp/PmdaSearch/bookSearch/01/04987211257859,ホリゾン注射液10mg,ジアゼパム,丸石製薬株式会社,注射液,10mg/2mL,marketed_pmda_label_present,verified_primary_source,2026-06-05,True,True,LOCAL_PRODUCT_CONFIRMATION_REQUIRED,pilot GAP-004: PMDA primary verified 2026-06-05 (operator-side pmda.go.jp check). IF/RMP/患者向けガイドは未個別確認。薬剤師・院内採用品・施設確認 pending。 Reconciled from CHILD pilot A-PMDA-004.
lorazepam,ロラゼパム,lorazepam,lorazepam,抗発作薬・てんかん重積初期対応,product_candidate,candidate_only_master_absent,ロラゼパム OR lorazepam OR lorazepam OR ワイパックス|benzodiazepine,https://www.pmda.go.jp/PmdaSearch/iyakuSearch/,https://www.pmda.go.jp/PmdaSearch/bookSearch/01/04987114553492,ワイパックス錠1.0,ロラゼパム,ファイザー株式会社,錠剤,1.0mg,marketed_pmda_label_present,verified_primary_source,2026-06-05,True,True,LOCAL_PRODUCT_CONFIRMATION_REQUIRED,pilot GAP-004: PMDA primary verified 2026-06-05 (operator-side pmda.go.jp check). IF/RMP/患者向けガイドは未個別確認。薬剤師・院内採用品・施設確認 pending。 Reconciled from CHILD pilot A-PMDA-004.
phenobarbital,フェノバルビタール,phenobarbital,phenobarbital,抗発作薬・難治発作,product_candidate,candidate_only_master_absent,フェノバルビタール OR phenobarbital OR phenobarbital OR フェノバール|barbiturate antiseizure,https://www.pmda.go.jp/PmdaSearch/iyakuSearch/,https://www.pmda.go.jp/PmdaSearch/bookSearch/01/04987081741502,フェノバール錠30mg,フェノバルビタール,藤永製薬株式会社,錠剤,30mg,marketed_pmda_label_present,verified_primary_source,2026-06-05,True,True,LOCAL_PRODUCT_CONFIRMATION_REQUIRED,pilot GAP-004: PMDA primary verified 2026-06-05 (operator-side pmda.go.jp check). IF/RMP/患者向けガイドは未個別確認。薬剤師・院内採用品・施設確認 pending。 Reconciled from CHILD pilot A-PMDA-004.
clobazam,クロバザム,clobazam,clobazam,抗発作薬・補助療法,product_candidate,candidate_only_master_absent,クロバザム OR clobazam OR clobazam OR マイスタン|benzodiazepine antiseizure,https://www.pmda.go.jp/PmdaSearch/iyakuSearch/,https://www.pmda.go.jp/PmdaSearch/bookSearch/01/04987116563680,マイスタン錠10mg,クロバザム,住友ファーマ株式会社,錠剤,10mg,marketed_pmda_label_present,verified_primary_source,2026-06-05,True,True,LOCAL_PRODUCT_CONFIRMATION_REQUIRED,pilot GAP-003: PMDA primary verified 2026-06-05 (operator-side pmda.go.jp check). IF/RMP/患者向けガイドは未個別確認。薬剤師・院内採用品・施設確認 pending。 Reconciled from CHILD pilot A-PMDA-003.
thiopental,チオペンタールナトリウム,thiopental sodium,thiopental sodium,バルビツレート・麻酔/難治性ICP,product_candidate,complete_absent,チオペンタールナトリウム OR thiopental sodium OR thiopental sodium OR ラボナール|thiopental|barbiturate coma,https://www.pmda.go.jp/PmdaSearch/iyakuSearch/,https://www.pmda.go.jp/PmdaSearch/rdSearch/02/1115400X2023?user=1,ラボナール注射用0.5g,注射用チオペンタールナトリウム,ニプロ株式会社,注射用（溶解後静注）,0.5g/管,marketed_pmda_label_present,verified_primary_source,2026-06-05,True,True,TBI_NEUROCRITICAL_REVIEW_2019,pilot GAP-005: PMDA primary verified 2026-06-05 (operator-side pmda.go.jp check). IF/RMP/患者向けガイドは未個別確認。薬剤師・院内採用品・施設確認 pending。 ICP/バルビツレートコマ代表。0.3g規格も同一rdSearch。
thiamylal,チアミラールナトリウム,thiamylal sodium,thiamylal sodium,バルビツレート・麻酔/難治性ICP,product_candidate,complete_absent,チアミラールナトリウム OR thiamylal sodium OR thiamylal sodium OR イソゾール|thiamylal|barbiturate,https://www.pmda.go.jp/PmdaSearch/iyakuSearch/,https://www.pmda.go.jp/PmdaSearch/rdSearch/02/1115403D3043?user=1,イソゾール注射用0.5g,注射用チアミラールナトリウム,日医工株式会社,注射用,0.5g,marketed_pmda_label_present,verified_primary_source,2026-06-05,True,True,TBI_NEUROCRITICAL_REVIEW_2019,pilot GAP-005: PMDA primary verified 2026-06-05 (operator-side pmda.go.jp check). IF/RMP/患者向けガイドは未個別確認。薬剤師・院内採用品・施設確認 pending。 チトゾール等別販売名あり。院内採用品確認。
pentobarbital,ペントバルビタール,pentobarbital,pentobarbital,バルビツレート・難治性ICP/難治性てんかん重積,product_candidate,complete_absent,ペントバルビタール OR pentobarbital OR pentobarbital OR pentobarbital|barbiturate coma,https://www.pmda.go.jp/PmdaSearch/iyakuSearch/,https://www.pmda.go.jp/PmdaSearch/rdSearch/02/1125006F1030?user=1,ラボナ錠50mg,ペントバルビタールカルシウム,田辺ファーマ株式会社,錠剤,50mg,marketed_pmda_label_present,verified_primary_source,2026-06-05,True,True,TBI_NEUROCRITICAL_REVIEW_2019,pilot GAP-005: PMDA primary verified 2026-06-05 (operator-side pmda.go.jp check). IF/RMP/患者向けガイドは未個別確認。薬剤師・院内採用品・施設確認 pending。 難治性ICP/てんかん重積ではIV製剤が施設方針と異なる場合あり。錠剤は代表primary。
remimazolam,レミマゾラム,remimazolam,remimazolam besylate,ベンゾジアゼピン系全身麻酔薬,product_candidate,complete_absent,レミマゾラム OR remimazolam OR remimazolam besylate OR アネレム|remimazolam,https://www.pmda.go.jp/PmdaSearch/iyakuSearch/,https://www.pmda.go.jp/PmdaSearch/rdSearch/02/1119403F1024?user=1,アネレム静注用20mg,レミマゾラムベシル酸塩,ムンディファーマ株式会社,静注用粉末,20mg,marketed_pmda_label_present,verified_primary_source,2026-06-05,True,True,LOCAL_PRODUCT_CONFIRMATION_REQUIRED,pilot GAP-005: PMDA primary verified 2026-06-05 (operator-side pmda.go.jp check). IF/RMP/患者向けガイドは未個別確認。薬剤師・院内採用品・施設確認 pending。 50mg規格も同一rdSearch。
ketamine,ケタミン,ketamine,ketamine,鎮痛・鎮静・麻酔薬,product_candidate,candidate_only_master_absent,ケタミン OR ketamine OR ketamine OR ケタラール|NMDA antagonist,https://www.pmda.go.jp/PmdaSearch/iyakuSearch/,https://www.pmda.go.jp/PmdaSearch/rdSearch/02/1119400A3026?user=1,ケタラール静注用50mg,ケタミン塩酸塩,第一三共株式会社,注射剤,50mg/5mL/管,marketed_pmda_label_present,verified_primary_source,2026-06-05,True,True,LOCAL_PRODUCT_CONFIRMATION_REQUIRED,pilot GAP-006: PMDA primary verified 2026-06-05 (operator-side pmda.go.jp check). IF/RMP/患者向けガイドは未個別確認。薬剤師・院内採用品・施設確認 pending。 Reconciled from CHILD pilot A-PMDA-023.
rocuronium,ロクロニウム臭化物,rocuronium bromide,rocuronium bromide,筋弛緩薬,product_candidate,candidate_only_master_absent,ロクロニウム臭化物 OR rocuronium bromide OR rocuronium bromide OR エスラックス|neuromuscular blocker,https://www.pmda.go.jp/PmdaSearch/iyakuSearch/,https://www.pmda.go.jp/PmdaSearch/rdSearch/02/1229405A1028?user=1,エスラックス静注25mg/2.5mL,ロクロニウム臭化物,MSD株式会社,注射剤,25mg/2.5mL/瓶,marketed_pmda_label_present,verified_primary_source,2026-06-05,True,True,LOCAL_PRODUCT_CONFIRMATION_REQUIRED,pilot GAP-006: PMDA primary verified 2026-06-05 (operator-side pmda.go.jp check). IF/RMP/患者向けガイドは未個別確認。薬剤師・院内採用品・施設確認 pending。 Reconciled from CHILD pilot A-PMDA-023.
sugammadex,スガマデクスナトリウム,sugammadex sodium,sugammadex sodium,筋弛緩回復薬,product_candidate,candidate_only_master_absent,スガマデクスナトリウム OR sugammadex sodium OR sugammadex sodium OR ブリディオン|rocuronium reversal,https://www.pmda.go.jp/PmdaSearch/iyakuSearch/,https://www.pmda.go.jp/PmdaSearch/rdSearch/02/3929409A1023?user=1,ブリディオン静注200mg,スガマデクスナトリウム,MSD株式会社,注射剤（用時溶解バイアル）,200mg/バイアル,marketed_pmda_label_present,verified_primary_source,2026-06-05,True,True,LOCAL_PRODUCT_CONFIRMATION_REQUIRED,pilot GAP-006: PMDA primary verified 2026-06-05 (operator-side pmda.go.jp check). IF/RMP/患者向けガイドは未個別確認。薬剤師・院内採用品・施設確認 pending。 Reconciled from CHILD pilot A-PMDA-023.
vitamin_k,ビタミンK製剤,vitamin K,phytonadione / menatetrenone etc.,ワルファリン反転補助,product_candidate,candidate_only_master_absent,ビタミンK製剤 OR vitamin K OR phytonadione / menatetrenone etc. OR フィトナジオン|メナテトレノン|warfarin reversal,https://www.pmda.go.jp/PmdaSearch/iyakuSearch/,https://www.pmda.go.jp/PmdaSearch/rdSearch/02/3160401A6041?user=1,ケイツーN静注10mg,メナテトレノン,エーザイ株式会社,注射剤,10mg,marketed_pmda_label_present,verified_primary_source,2026-06-05,True,True,LOCAL_PRODUCT_CONFIRMATION_REQUIRED,pilot GAP-006: PMDA primary verified 2026-06-05 (operator-side pmda.go.jp check). IF/RMP/患者向けガイドは未個別確認。薬剤師・院内採用品・施設確認 pending。 Reconciled from CHILD pilot A-PMDA-011.
cryoprecipitate,クリオプレシピテート,cryoprecipitate,cryoprecipitate,血液製剤・低フィブリノゲン補正,product_candidate,candidate_only_master_absent,クリオプレシピテート OR cryoprecipitate OR cryoprecipitate OR クリオ|低フィブリノゲン|fibrinogen source,https://www.pmda.go.jp/PmdaSearch/iyakuSearch/,https://www.pmda.go.jp/PmdaSearch/rdSearch/02/6342406X9026?user=1,（院内作製）クリオプレシピテート（原料：新鮮凍結血漿−LR「日赤」480）,クリオプレシピテート（院内作製・新鮮凍結人血漿由来）,日本赤十字社,院内作製血液成分,施設作製単位,marketed_pmda_label_present,verified_primary_source,2026-06-05,True,True,LOCAL_BLOOD_PRODUCT_POLICY_REQUIRED,pilot GAP-013: PMDA primary verified 2026-06-05 (operator-side pmda.go.jp check). IF/RMP/患者向けガイドは未個別確認。薬剤師・院内採用品・施設確認 pending。 Reconciled from CHILD pilot A-PMDA-010. CHILD A-PMDA-010: 院内作製クリオ；原料FFP代表URL。gap文脈は院内作製プロトコル確認 pending。
red_blood_cell_concentrate,赤血球濃厚液,red blood cell concentrate,red blood cell concentrate,血液製剤・貧血/出血補正,product_candidate,candidate_only_master_absent,赤血球濃厚液 OR red blood cell concentrate OR red blood cell concentrate OR RBC|RCC|赤血球液|輸血,https://www.pmda.go.jp/PmdaSearch/iyakuSearch/,https://www.pmda.go.jp/PmdaSearch/rdSearch/02/6342405X3031?user=1,赤血球液-LR「日赤」（1単位）,人赤血球液,日本赤十字社,輸血用血液成分,1単位,marketed_pmda_label_present,verified_primary_source,2026-06-05,True,True,LOCAL_TRANSFUSION_POLICY_REQUIRED,pilot GAP-010: PMDA primary verified 2026-06-05 (operator-side pmda.go.jp check). IF/RMP/患者向けガイドは未個別確認。薬剤師・院内採用品・施設確認 pending。 Reconciled from CHILD pilot A-PMDA-010.
albumin,アルブミン製剤,albumin preparation,human serum albumin,血液分画製剤・循環管理,product_candidate,candidate_only_master_absent,アルブミン製剤 OR albumin preparation OR human serum albumin OR アルブミナー|献血アルブミン|膠質液,https://www.pmda.go.jp/PmdaSearch/iyakuSearch/,https://www.pmda.go.jp/PmdaSearch/rdSearch/02/6343410X5253?user=1,献血アルブミン25％静注12.5g/50mL「タケダ」,人血清アルブミン,武田薬品工業株式会社,注射剤,12.5g/50mL,marketed_pmda_label_present,verified_primary_source,2026-06-05,True,True,LOCAL_BLOOD_PRODUCT_POLICY_REQUIRED,pilot GAP-011: PMDA primary verified 2026-06-05 (operator-side pmda.go.jp check). IF/RMP/患者向けガイドは未個別確認。薬剤師・院内採用品・施設確認 pending。 Reconciled from CHILD pilot A-PMDA-011.
ampicillin,アンピシリン,ampicillin,ampicillin,抗菌薬・髄膜炎/リステリア対応,product_candidate,candidate_only_master_absent,アンピシリン OR ampicillin OR ampicillin OR ABPC|ビクシリン|Listeria coverage,https://www.pmda.go.jp/PmdaSearch/iyakuSearch/,https://www.pmda.go.jp/PmdaSearch/rdSearch/02/6131400D1078?user=1,ビクシリン注射用1g,アンピシリンナトリウム,Meiji Seika ファルマ株式会社,注射剤,1g（力価）/バイアル,marketed_pmda_label_present,verified_primary_source,2026-06-05,True,True,JSGN_MENINGITIS_GL_2014,pilot GAP-007: PMDA primary verified 2026-06-05 (operator-side pmda.go.jp check). IF/RMP/患者向けガイドは未個別確認。薬剤師・院内採用品・施設確認 pending。 Reconciled from CHILD pilot A-PMDA-013.
cefotaxime,セフォタキシム,cefotaxime,cefotaxime,第3世代セフェム・髄膜炎,product_candidate,candidate_only_master_absent,セフォタキシム OR cefotaxime OR cefotaxime OR CTX|クラフォラン|third generation cephalosporin,https://www.pmda.go.jp/PmdaSearch/iyakuSearch/,https://www.pmda.go.jp/PmdaSearch/rdSearch/02/6132409D2056?user=1,クラフォラン注射用1g,セフォタキシムナトリウム,サノフィ株式会社,注射剤,1g（力価）/バイアル,marketed_pmda_label_present,verified_primary_source,2026-06-05,True,True,JSGN_MENINGITIS_GL_2014,pilot GAP-007: PMDA primary verified 2026-06-05 (operator-side pmda.go.jp check). IF/RMP/患者向けガイドは未個別確認。薬剤師・院内採用品・施設確認 pending。 Reconciled from CHILD pilot A-PMDA-013.
sulbactam_ampicillin,スルバクタム/アンピシリン,sulbactam/ampicillin,sulbactam sodium / ampicillin sodium,βラクタマーゼ阻害薬配合ペニシリン,product_candidate,candidate_only_master_absent,スルバクタム/アンピシリン OR sulbactam/ampicillin OR sulbactam sodium / ampicillin sodium OR SBT/ABPC|ユナシン|誤嚥性肺炎,https://www.pmda.go.jp/PmdaSearch/iyakuSearch/,https://www.pmda.go.jp/PmdaSearch/rdSearch/02/6139504G1028?user=1,ユナシン−Sキット静注用1.5g,アンピシリンナトリウム・スルバクタムナトリウム,ファイザー株式会社,注射剤（キット）,1.5g（力価）/キット,marketed_pmda_label_present,verified_primary_source,2026-06-05,True,True,LOCAL_ANTIMICROBIAL_GUIDE_REQUIRED,pilot GAP-007: PMDA primary verified 2026-06-05 (operator-side pmda.go.jp check). IF/RMP/患者向けガイドは未個別確認。薬剤師・院内採用品・施設確認 pending。 Reconciled from CHILD pilot A-PMDA-013.
metronidazole,メトロニダゾール,metronidazole,metronidazole,抗嫌気性菌薬,product_candidate,candidate_only_master_absent,メトロニダゾール OR metronidazole OR metronidazole OR MNZ|フラジール|anaerobe coverage,https://www.pmda.go.jp/PmdaSearch/iyakuSearch/,https://www.pmda.go.jp/PmdaSearch/rdSearch/02/6419401A1027?user=1,アネメトロ点滴静注液500mg,メトロニダゾール,ファイザー株式会社,注射剤（バッグ）,500mg/100mL/バイアル,marketed_pmda_label_present,verified_primary_source,2026-06-05,True,True,LOCAL_ANTIMICROBIAL_GUIDE_REQUIRED,pilot GAP-007: PMDA primary verified 2026-06-05 (operator-side pmda.go.jp check). IF/RMP/患者向けガイドは未個別確認。薬剤師・院内採用品・施設確認 pending。 Reconciled from CHILD pilot A-PMDA-015.
levofloxacin,レボフロキサシン,levofloxacin,levofloxacin,ニューキノロン系抗菌薬,product_candidate,candidate_only_master_absent,レボフロキサシン OR levofloxacin OR levofloxacin OR LVFX|クラビット|fluoroquinolone,https://www.pmda.go.jp/PmdaSearch/iyakuSearch/,https://www.pmda.go.jp/PmdaSearch/rdSearch/02/6241402A1021?user=1,クラビット点滴静注500mg/20mL,レボフロキサシン水和物,第一三共株式会社,注射剤,500mg/20mL/バイアル,marketed_pmda_label_present,verified_primary_source,2026-06-05,True,True,LOCAL_ANTIMICROBIAL_GUIDE_REQUIRED,pilot GAP-008: PMDA primary verified 2026-06-05 (operator-side pmda.go.jp check). IF/RMP/患者向けガイドは未個別確認。薬剤師・院内採用品・施設確認 pending。 Reconciled from CHILD pilot A-PMDA-014.
tolvaptan,トルバプタン,tolvaptan,tolvaptan,V2受容体拮抗薬・水利尿薬,product_candidate,candidate_only_master_absent,トルバプタン OR tolvaptan OR tolvaptan OR サムスカ|V2 receptor antagonist|SIADH,https://www.pmda.go.jp/PmdaSearch/iyakuSearch/,https://www.pmda.go.jp/PmdaSearch/rdSearch/02/2139011D1022?user=1,サムスカOD錠7.5mg,トルバプタン,大塚製薬株式会社,錠剤（口腔内崩壊）,7.5mg/錠,marketed_pmda_label_present,verified_primary_source,2026-06-05,True,True,LOCAL_PRODUCT_CONFIRMATION_REQUIRED,pilot GAP-008: PMDA primary verified 2026-06-05 (operator-side pmda.go.jp check). IF/RMP/患者向けガイドは未個別確認。薬剤師・院内採用品・施設確認 pending。 Reconciled from CHILD pilot A-PMDA-021.
fludrocortisone,フルドロコルチゾン,fludrocortisone,fludrocortisone acetate,鉱質コルチコイド・低Na/CSW関連,product_candidate,complete_absent,フルドロコルチゾン OR fludrocortisone OR fludrocortisone acetate OR フロリネフ|mineralocorticoid|CSW,https://www.pmda.go.jp/PmdaSearch/iyakuSearch/,https://www.pmda.go.jp/PmdaSearch/rdSearch/02/2452003F1035?user=1,フロリネフ錠0.1mg,フルドロコルチゾン酢酸エステル,サンドファーマ株式会社,錠剤,0.1mg,marketed_pmda_label_present,verified_primary_source,2026-06-05,True,True,LOCAL_PRODUCT_CONFIRMATION_REQUIRED,pilot GAP-005+: PMDA primary verified 2026-06-05 (operator-side pmda.go.jp check). IF/RMP/患者向けガイドは未個別確認。薬剤師・院内採用品・施設確認 pending。 CSW/低Na文脈。
furosemide,フロセミド,furosemide,furosemide,ループ利尿薬・体液管理,product_candidate,candidate_only_master_absent,フロセミド OR furosemide OR furosemide OR ラシックス|loop diuretic,https://www.pmda.go.jp/PmdaSearch/iyakuSearch/,https://www.pmda.go.jp/PmdaSearch/rdSearch/02/2139401A2137?user=1,ラシックス注20mg,フロセミド,サノフィ株式会社,注射剤,20mg/2mL/アンプル,marketed_pmda_label_present,verified_primary_source,2026-06-05,True,True,LOCAL_PRODUCT_CONFIRMATION_REQUIRED,pilot GAP-008: PMDA primary verified 2026-06-05 (operator-side pmda.go.jp check). IF/RMP/患者向けガイドは未個別確認。薬剤師・院内採用品・施設確認 pending。 Reconciled from CHILD pilot A-PMDA-016.
levothyroxine,レボチロキシン,levothyroxine,levothyroxine sodium,甲状腺ホルモン薬,product_candidate,candidate_only_master_absent,レボチロキシン OR levothyroxine OR levothyroxine sodium OR チラーヂンS|thyroid hormone,https://www.pmda.go.jp/PmdaSearch/iyakuSearch/,https://www.pmda.go.jp/PmdaSearch/rdSearch/02/2431004F1056?user=1,チラーヂンS錠50μg,レボチロキシンナトリウム水和物,あすか製薬株式会社,錠剤,50μg/錠,marketed_pmda_label_present,verified_primary_source,2026-06-05,True,True,LOCAL_PRODUCT_CONFIRMATION_REQUIRED,pilot GAP-008: PMDA primary verified 2026-06-05 (operator-side pmda.go.jp check). IF/RMP/患者向けガイドは未個別確認。薬剤師・院内採用品・施設確認 pending。 Reconciled from CHILD pilot A-PMDA-021.
landiolol,ランジオロール塩酸塩,landiolol hydrochloride,landiolol hydrochloride,短時間作用型β1遮断薬,product_candidate,candidate_only_master_absent,ランジオロール塩酸塩 OR landiolol hydrochloride OR landiolol hydrochloride OR オノアクト|ultra-short acting beta blocker,https://www.pmda.go.jp/PmdaSearch/iyakuSearch/,https://www.pmda.go.jp/PmdaSearch/rdSearch/02/2123404D2021?user=1,コアベータ静注用12.5mg,ランジオロール塩酸塩,小野薬品工業株式会社,注射剤（静注用バイアル）,12.5mg/バイアル,marketed_pmda_label_present,verified_primary_source,2026-06-05,True,True,LOCAL_PRODUCT_CONFIRMATION_REQUIRED,pilot GAP-009: PMDA primary verified 2026-06-05 (operator-side pmda.go.jp check). IF/RMP/患者向けガイドは未個別確認。薬剤師・院内採用品・施設確認 pending。 Reconciled from CHILD pilot A-PMDA-019.
esmolol,エスモロール塩酸塩,esmolol hydrochloride,esmolol hydrochloride,短時間作用型β遮断薬,product_candidate,candidate_only_master_absent,エスモロール塩酸塩 OR esmolol hydrochloride OR esmolol hydrochloride OR ブレビブロック|short acting beta blocker,https://www.pmda.go.jp/PmdaSearch/iyakuSearch/,https://www.pmda.go.jp/PmdaSearch/rdSearch/02/2123405A1023?user=1,ブレビブロック注100mg,エスモロール塩酸塩,丸石製薬株式会社,注射剤,100mg/バイアル,marketed_pmda_label_present,verified_primary_source,2026-06-05,True,True,LOCAL_PRODUCT_CONFIRMATION_REQUIRED,pilot GAP-009: PMDA primary verified 2026-06-05 (operator-side pmda.go.jp check). IF/RMP/患者向けガイドは未個別確認。薬剤師・院内採用品・施設確認 pending。 Reconciled from CHILD pilot A-PMDA-019.
nitroglycerin,ニトログリセリン,nitroglycerin,nitroglycerin,硝酸薬・降圧/冠血管拡張,product_candidate,candidate_only_master_absent,ニトログリセリン OR nitroglycerin OR nitroglycerin OR ミリスロール|nitric oxide donor,https://www.pmda.go.jp/PmdaSearch/iyakuSearch/,https://www.pmda.go.jp/PmdaSearch/rdSearch/02/2171403A1030?user=1,ミリスロール注1mg／2mL,ニトログリセリン,日本化薬株式会社,注射剤,1mg/2mL/管,marketed_pmda_label_present,verified_primary_source,2026-06-05,True,True,LOCAL_PRODUCT_CONFIRMATION_REQUIRED,pilot GAP-009: PMDA primary verified 2026-06-05 (operator-side pmda.go.jp check). IF/RMP/患者向けガイドは未個別確認。薬剤師・院内採用品・施設確認 pending。 Reconciled from CHILD pilot A-PMDA-018.
nitroprusside,ニトロプルシドナトリウム,sodium nitroprusside,sodium nitroprusside,血管拡張薬・降圧薬,product_candidate,candidate_only_master_absent,ニトロプルシドナトリウム OR sodium nitroprusside OR sodium nitroprusside OR ニトプロ|nitroprusside,https://www.pmda.go.jp/PmdaSearch/iyakuSearch/,https://www.pmda.go.jp/PmdaSearch/rdSearch/02/2149401A1030?user=1,ニトプロ持続静注液6mg,ニトロプルシドナトリウム水和物,丸石製薬株式会社,注射剤（持続静注用アンプル）,6mg/2mL/アンプル,marketed_pmda_label_present,verified_primary_source,2026-06-05,True,True,LOCAL_PRODUCT_CONFIRMATION_REQUIRED,pilot GAP-009: PMDA primary verified 2026-06-05 (operator-side pmda.go.jp check). IF/RMP/患者向けガイドは未個別確認。薬剤師・院内採用品・施設確認 pending。 Reconciled from CHILD pilot A-PMDA-019.
